file,dcs_text_id,segments,matches,malformed_lines,verdict_good,verdict_partly,verdict_other,distinct_target_works,src_title
104_1--20.csv,104,5740,15016,0,2964,12052,0,219,Divyāv
107_1--1.csv,107,50,0,0,0,0,0,0,
10_1--1.csv,10,119,8,0,0,8,0,6,Acintyastava
112_1--1.csv,112,16,0,0,0,0,0,0,
113_1--1.csv,113,14,0,0,0,0,0,0,
114_1--166.csv,114,10429,2286,0,117,2169,0,33,"GarPur, 1"
115_1--28.csv,115,1005,3743,0,50,3693,0,201,"GautDhS, 1"
117_1--7.csv,117,0,0,0,0,0,0,0,
118_1--12.csv,118,520,1087,0,1079,8,0,1,GītGov
11_1--1.csv,11,81,1,0,0,1,0,1,Rasaratnasamuccaya RRS
120_1--2.csv,120,29,0,0,0,0,0,0,
121_1--12.csv,121,2173,52,0,0,52,0,1,GokPurS
122_1--59.csv,122,1045,9844,0,411,9433,0,206,"GB, 1, 1"
124_1--1.csv,124,195,19,0,11,8,0,2,GorŚ
125_1--6.csv,125,173,175,0,4,171,0,64,GṛRĀ
126_1--95.csv,126,2,0,0,0,0,0,0,
127_1--1.csv,127,0,0,0,0,0,0,0,
128_1--1.csv,128,0,0,0,0,0,0,0,
129_1--2.csv,129,12,0,0,0,0,0,0,
12_1--25.csv,12,1318,24,0,4,20,0,4,AgniPur
130_1--5.csv,130,3823,53,0,25,28,0,13,HBhVil
131_1--1.csv,131,297,0,0,0,0,0,0,
132_1--4.csv,132,738,18,0,10,8,0,1,HYP
134_1--6.csv,134,155,106,0,1,105,0,34,"Hiraṇyakeśigṛhyasūtra, 1"
136_1--5.csv,136,2422,27,0,6,21,0,12,Hitop
13_1--232.csv,13,2619,2434,0,754,1680,0,139,"AitBr, 1"
142_1--1.csv,142,3,0,0,0,0,0,0,
143_1--10.csv,143,87,1,0,1,0,0,1,"JaimGṛS, 2"
144_1--22.csv,144,364,1894,0,46,1848,0,97,"JB, 1"
145_1--1.csv,145,328,27,0,3,24,0,20,JanMVic
146_1--1.csv,146,33,1,0,1,0,0,1,KādSvīS
147_1--1.csv,147,285,2,0,0,2,0,2,KaiNigh
148_1--5.csv,148,588,0,0,0,0,0,0,
14_1--13.csv,14,98,0,0,0,0,0,0,
150_1--36.csv,150,1730,684,0,11,673,0,123,"KāSū, 1"
152_1--45.csv,152,329,8,0,0,8,0,8,"Kāśikāvṛtti zu Aṣṭādhyāyī, 6, 1"
153_1--2.csv,153,11,6,0,1,5,0,6,KāṭhGṛSū
154_1--28.csv,154,9100,0,0,0,0,0,0,
155_1--6.csv,155,188,70,0,2,68,0,46,KaṭhUp
156_1--1.csv,156,1912,55,0,26,29,0,8,KātySmṛ
157_1--1.csv,157,32,9,0,0,9,0,9,"KātyŚS, 1"
159_1--31.csv,159,833,1031,0,17,1014,0,142,"Kauśikasūtra, 1"
160_1--1.csv,160,65,0,0,0,0,0,0,
161_1--2.csv,161,189,0,0,0,0,0,0,
162_1--2.csv,162,938,0,0,0,0,0,0,
163_1--6.csv,163,0,0,0,0,0,0,0,
164_1--2.csv,164,0,0,0,0,0,0,0,
166_1--9.csv,166,361,449,0,78,371,0,91,"KhGṛS, 2"
167_1--2.csv,167,15,13,0,0,13,0,12,"Khādiragṛhyasūtrarudraskandavyākhyā zu KhGṛS, 2, 2"
169_1--18.csv,169,1064,0,0,0,0,0,0,
170_1--2.csv,170,0,0,0,0,0,0,0,
172_1--1.csv,172,506,0,0,0,0,0,0,
173_1--1.csv,173,479,16,0,8,8,0,7,KAM
174_1--8.csv,174,0,0,0,0,0,0,0,
175_1--95.csv,175,11944,4536,0,171,4365,0,30,"KūPur, 1"
179_1--14.csv,179,1132,1490,0,45,1445,0,36,LalVis
17_1--2.csv,17,2060,8,0,7,1,0,2,AKośa
180_1--2.csv,180,513,2,0,0,2,0,1,LAS
185_1--163.csv,185,18393,2699,0,91,2608,0,28,"LiPur, 1"
186_1--3.csv,186,947,16,0,8,8,0,5,MPālNigh
187_1--1995.csv,187,162146,1829,0,968,861,0,90,"MBh, 1"
188_1--1.csv,188,173,0,0,0,0,0,0,
189_1--23.csv,189,0,0,0,0,0,0,0,
18_1--1.csv,18,81,14,0,1,13,0,4,AmarŚās
190_1--2.csv,190,6,30,0,2,28,0,15,"MānGS, 1"
191_1--1.csv,191,117,0,0,0,0,0,0,
193_1--12.csv,193,5284,394,0,202,192,0,36,ManuS
194_1--14.csv,194,1172,3,0,0,3,0,1,MBhT
195_1--175.csv,195,17291,243,0,99,144,0,24,MPur
197_1--2.csv,197,122,0,0,0,0,0,0,
19_1--1.csv,19,106,0,0,0,0,0,0,
202_1--12.csv,202,467,2,0,2,0,0,2,"MṛgT, 1"
203_1--257.csv,203,1746,2256,0,42,2214,0,189,"MṛgṬīkā zu MṛgT, Vidyāpāda, 1"
204_1--368.csv,204,2252,3178,0,70,3108,0,155,"MuA zu RHT, 1"
205_1--1.csv,205,34,0,0,0,0,0,0,
206_1--14.csv,206,402,11,0,1,10,0,1,MMadhKār
207_1--6.csv,207,72,14,0,3,11,0,7,"MuṇḍUp, 3"
20_1--1.csv,20,14,0,0,0,0,0,0,
210_1--1.csv,210,40,0,0,0,0,0,0,
211_1--1.csv,211,183,3,0,2,1,0,2,Nāḍīparīkṣā
212_1--1.csv,212,10,0,0,0,0,0,0,
213_1--22.csv,213,1833,66,0,33,33,0,15,"NāSmṛ, 1"
214_1--1.csv,214,0,0,0,0,0,0,0,
215_1--3.csv,215,815,0,0,0,0,0,0,
216_1--5.csv,216,1566,0,0,0,0,0,0,
217_1--3.csv,217,295,299,0,3,296,0,77,"NŚVi zu NāṭŚ, 6"
218_1--71.csv,218,0,0,0,0,0,0,0,
219_1--1.csv,219,406,1,0,0,1,0,1,NighŚeṣa
220_1--7.csv,220,141,239,0,4,235,0,75,"Nirukta, 1"
221_1--7.csv,221,156,20,0,1,19,0,18,"NyāBh zu NyāSū, 3, 2"
222_1--2.csv,222,69,220,0,0,220,0,44,NyāBi
224_1--10.csv,224,535,966,0,22,944,0,110,"NyāSū, 1"
229_1--1.csv,229,8,1,0,0,1,0,1,"PadCandr zu AHS, Utt., 39"
231_1--168.csv,231,3268,22055,0,934,21121,0,241,"PABh zu PāśupSūtra, 1"
232_1--24.csv,232,0,0,0,0,0,0,0,
236_1--1.csv,236,36,0,0,0,0,0,0,
237_1--12.csv,237,0,0,0,0,0,0,0,
238_1--16.csv,238,1304,426,0,25,401,0,116,"Parāśarasmṛtiṭīkā zu ParDhSmṛti, 2"
239_1--9.csv,239,118,139,0,6,133,0,58,"Pāraskaragṛhyasūtra, 1"
240_1--3.csv,240,107,298,0,1,297,0,43,Paraśurāmakalpasūtra
241_1--5.csv,241,155,739,0,37,702,0,98,PāśupSūtra
245_1--7.csv,245,115,215,0,7,208,0,73,"Prasannapadā zu MMadhKār, 1"
246_1--15.csv,246,105,295,0,7,288,0,85,"RājMār zu YS, 3"
247_1--35.csv,247,6468,52,0,25,27,0,6,RājNigh
248_1--606.csv,248,36939,191,0,107,84,0,20,"Rām, 1"
249_1--1.csv,249,926,7,0,1,6,0,3,RAdhy
250_1--81.csv,250,676,981,0,24,957,0,154,RAdhyṬ zu RAdhy
251_1--19.csv,251,865,42,0,13,29,0,9,RHT
252_1--3.csv,252,990,140,0,78,62,0,12,"RKDh, 1"
253_1--10.csv,253,1641,151,0,66,85,0,21,RMañj
254_1--13.csv,254,1884,13,0,2,11,0,3,RPSudh
258_1--18.csv,258,3586,541,0,278,263,0,25,RRS
259_1--188.csv,259,577,690,0,28,662,0,123,"RRSBoṬ zu RRS, 8"
260_1--1.csv,260,8,0,0,0,0,0,0,
261_1--190.csv,261,1206,2805,0,76,2729,0,192,"RRSṬīkā zu RRS, 8"
262_1--18.csv,262,4642,386,0,186,200,0,17,RArṇ
263_1--1.csv,263,690,47,0,25,22,0,4,RAK
265_1--5.csv,265,0,0,0,0,0,0,0,
266_1--3.csv,266,355,35,0,25,10,0,1,RTar
267_1--8.csv,267,1507,195,0,81,114,0,33,RCint
268_1--13.csv,268,2348,433,0,215,218,0,18,RCūM
269_1--1.csv,269,0,0,0,0,0,0,0,
270_1--1.csv,270,19,0,0,0,0,0,0,
271_1--1.csv,271,0,0,0,0,0,0,0,
273_1--4.csv,273,235,0,0,0,0,0,0,
274_1--11.csv,274,616,1366,0,37,1329,0,178,GaṇaKārṬīkā zu GaṇaKār
278_1--1028.csv,278,13581,714,0,450,264,0,30,"ṚV, 1"
279_1--12.csv,279,109,6,0,2,4,0,2,"ṚVKhil, 1"
27_1--35.csv,27,11780,535,0,244,291,0,22,"ĀK, 1"
280_1--1.csv,280,67,0,0,0,0,0,0,
284_1--6.csv,284,0,0,0,0,0,0,0,
285_1--1.csv,285,59,0,0,0,0,0,0,
286_1--1.csv,286,0,0,0,0,0,0,0,
287_1--70.csv,287,0,0,0,0,0,0,0,
288_1--14.csv,288,0,0,0,0,0,0,0,
289_1--1.csv,289,0,0,0,0,0,0,0,
290_1--1.csv,290,210,154,0,74,80,0,14,SBhedaV
291_1--8.csv,291,108,462,0,6,456,0,87,"ŚGṛS, 1"
292_1--146.csv,292,1567,8998,0,967,8031,0,199,"ŚāĀr, 1"
295_1--3.csv,295,0,0,0,0,0,0,0,
296_1--108.csv,296,0,0,0,0,0,0,0,
297_1--1.csv,297,0,0,0,0,0,0,0,
298_1--123.csv,298,924,1158,0,33,1125,0,140,"SarvSund zu AHS, Sū., 9"
300_1--3.csv,300,357,5,0,3,2,0,2,ŚTr
301_1--9.csv,301,3,0,0,0,0,0,0,
302_1--9.csv,302,1331,7,0,2,5,0,4,SātT
303_1--18.csv,303,1374,0,0,0,0,0,0,
304_1--1.csv,304,262,6,0,1,5,0,6,ŚiSam
305_1--1.csv,305,0,0,0,0,0,0,0,
306_1--1.csv,306,41,0,0,0,0,0,0,
307_1--3.csv,307,74,41,0,0,41,0,21,ŚSūtra
308_1--73.csv,308,757,21,0,1,20,0,17,"ŚSūtraV zu ŚSūtra, 1"
309_1--232.csv,309,16331,418,0,68,350,0,22,"SkPur Rkh, 1"
30_1--24.csv,30,404,666,0,25,641,0,93,ĀpGṛSū
310_1--24.csv,310,2318,8,0,2,6,0,2,SkPur
311_1--1.csv,311,428,1,0,0,1,0,1,Smaradīpikā
313_1--4.csv,313,105,0,0,0,0,0,0,
314_1--41.csv,314,601,361,0,6,355,0,103,"SpandaKārNir zu SpandaKār, 1"
315_1--1.csv,315,31,34,0,1,33,0,24,"Sphuṭārthāvyākhyā zu AbhidhKo, 1"
317_1--29.csv,317,865,6,0,6,0,0,1,Śusa
318_1--1.csv,318,17,0,0,0,0,0,0,
319_1--17.csv,319,361,598,0,11,587,0,78,"Sūryaśatakaṭīkā zu SūryaŚ, 1"
31_1--6.csv,31,123,288,0,5,283,0,57,"ĀpŚS, 1"
320_1--2.csv,320,273,0,0,0,0,0,0,
321_1--186.csv,321,0,0,0,0,0,0,0,
322_1--6.csv,322,136,16,0,6,10,0,12,ŚvetāśvUp
323_1--7.csv,323,735,7,0,1,6,0,5,Śyainikaśāstra
324_1--9.csv,324,0,0,0,0,0,0,0,
325_1--6.csv,325,143,0,0,0,0,0,0,
326_1--2.csv,326,1073,6034,0,184,5850,0,231,TAkhy
327_1--19.csv,327,5915,5,0,5,0,0,3,TĀ
328_1--22.csv,328,777,640,0,13,627,0,118,TantraS
32_1--58.csv,32,2247,2103,0,79,2024,0,137,"ArthaŚ, 1"
330_1--1.csv,330,0,0,0,0,0,0,0,
331_1--1.csv,331,17,0,0,0,0,0,0,
33_1--2.csv,33,1132,0,0,0,0,0,0,
356_1--9.csv,356,161,1,0,0,1,0,1,Ṭikanikayātrā
357_1--10.csv,357,844,0,0,0,0,0,0,
35_1--32.csv,35,3983,13932,0,193,13739,0,209,"Aṣṭādhyāyī, 1"
360_1--1.csv,360,159,0,0,0,0,0,0,
363_1--15.csv,363,769,2,0,0,2,0,1,UḍḍT
36_1--120.csv,36,0,0,0,0,0,0,0,
370_1--3.csv,370,40,0,0,0,0,0,0,
371_1--3.csv,371,61,0,0,0,0,0,0,
372_1--17.csv,372,383,1811,0,74,1737,0,158,"VaiśSū, 1"
373_1--337.csv,373,737,737,0,10,727,0,154,"VaiSūVṛ zu VaiśSū, 2, 1"
375_1--17.csv,375,574,742,0,11,731,0,109,VārGṛSū
376_1--1.csv,376,90,0,0,0,0,0,0,
377_1--1.csv,377,13,0,0,0,0,0,0,
378_1--13.csv,378,106,0,0,0,0,0,0,
37_1--1.csv,37,785,28,0,17,11,0,5,AṣṭNigh
380_1--2.csv,380,0,0,0,0,0,0,0,
382_1--1.csv,382,0,0,0,0,0,0,0,
383_1--39.csv,383,0,0,0,0,0,0,0,
385_1--126.csv,385,11603,4367,0,109,4258,0,169,"ViPur, 1"
386_1--100.csv,386,3291,7339,0,211,7128,0,210,ViSmṛ
388_1--2.csv,388,132,0,0,0,0,0,0,
38_1--3.csv,38,0,0,0,0,0,0,0,
395_1--3.csv,395,1992,89,0,40,49,0,8,YāSmṛ
398_1--1.csv,398,781,106,0,52,54,0,16,YRā
399_1--4.csv,399,194,366,0,4,362,0,66,YS
39_1--12.csv,39,299,3,0,0,3,0,1,ASāh
400_1--137.csv,400,840,1334,0,35,1299,0,148,"YSBhā zu YS, 1"
40_1--20.csv,40,607,1,0,0,1,0,1,Aṣṭāvakragīta
41_1--11.csv,41,101,98,0,2,96,0,39,"ĀśGS, 1"
43_1--2.csv,43,82,104,0,17,87,0,22,"AVPr, 2"
45_1--471.csv,45,4639,795,0,181,614,0,25,"Atharvaveda Śaunaka) AVŚ, 1"
47_1--1.csv,47,30,0,0,0,0,0,0,
48_1--22.csv,48,391,1570,0,1174,396,0,2,AvŚat
51_1--400.csv,51,2878,1994,0,37,1957,0,192,"ĀVDīp zu Ca, Sū., 12"
52_1--69.csv,52,586,1626,0,21,1605,0,144,"Ayurvedarasāyana zu AHS, Sū., 9"
54_1--8.csv,54,224,206,0,8,198,0,66,"BaudhDhSū, 1"
55_1--9.csv,55,295,89,0,11,78,0,40,"BaudhGS, 1"
56_1--5.csv,56,169,108,0,1,107,0,29,"BaudhŚS, 1"
57_1--1.csv,57,32,0,0,0,0,0,0,
58_1--119.csv,58,9447,34,0,23,11,0,12,"BhāgPur, 1"
59_1--1.csv,59,9,0,0,0,0,0,0,
60_1--1.csv,60,111,0,0,0,0,0,0,
61_1--1.csv,61,18,0,0,0,0,0,0,
62_1--16.csv,62,15641,257,0,242,15,0,4,BhāMañj
63_1--5.csv,63,1761,162,0,61,101,0,24,"BhPr, 1"
64_1--1.csv,64,8,0,0,0,0,0,0,
65_1--1.csv,65,128,0,0,0,0,0,0,
66_1--10.csv,66,1738,1,0,1,0,0,1,BoCA
67_1--1.csv,67,40,0,0,0,0,0,0,
68_1--47.csv,68,1853,340,0,18,322,0,13,"BĀU, 2"
69_1--28.csv,69,0,0,0,0,0,0,0,
6_1--3.csv,6,1776,2,0,2,0,0,1,AbhCint
71_1--14.csv,71,1313,0,0,0,0,0,0,
73_1--2.csv,73,12,30,0,2,28,0,23,"Cakra ? on Suśr zu Su, Sū., 24"
74_1--82.csv,74,0,0,0,0,0,0,0,
75_1--1.csv,75,7,0,0,0,0,0,0,
76_1--1.csv,76,50,0,0,0,0,0,0,
77_1--153.csv,77,1845,213,0,62,151,0,18,"ChāUp, 1"
79_1--17.csv,79,0,0,0,0,0,0,0,
7_1--3.csv,7,378,0,0,0,0,0,0,
80_1--10.csv,80,59,0,0,0,0,0,0,
81_1--32.csv,81,124,485,0,8,477,0,118,KādSvīSComm zu KādSvīS
89_1--14.csv,89,1899,1769,0,27,1742,0,164,"DKCar, 1"
8_1--1.csv,8,7,0,0,0,0,0,0,
94_1--1.csv,94,155,0,0,0,0,0,0,
95_1--1.csv,95,170,0,0,0,0,0,0,
96_1--1.csv,96,445,5,0,1,4,0,4,DhanV
97_1--4.csv,97,1022,33,0,12,21,0,7,DhanvNigh
9_1--2.csv,9,278,21,0,4,17,0,13,ACint
