file,line_no,src_label,src_seg,src_text,tgt_label,tgt_text,verdict,delta
31_1--6.csv,1,"ĀpŚS, 1, 1: 1",1 1,prāyaṇīyāvad udayanīyā ||,"Kātyāyanaśrautasūtra KātyŚS, 1, 1: 1 10",kṛṣṇājinaṁ nidhāyodayanīyā prāyaṇīyāvat ||,PARTLY,+ prāyaṇīya - prāyaṇīyā
206_1--14.csv,43,"MMadhKār, 2: 2",8 2,anyo gantur agantuśca kastṛtīyo .tha gacchati ||,"Mūlamadhyamakārikāḥ MMadhKār, 2: 2 15",gantā na tiṣṭhati tāvad agantā naiva tiṣṭhati |anyo gantur agantuśca kastṛtīyo .tha tiṣṭhati ||,PARTLY,+ gam - sthā
319_1--17.csv,11,"Sūryaśatakaṭīkā zu SūryaŚ, 1, 1.2: 1",11 1,kiṁ kurvanto bhānavaḥ ||,"Aṣṭādhyāyī Aṣṭādhyāyī, 8, 3: 31 50",kaḥkaratkaratikṛdhikṛteṣv anaditeḥ ||,PARTLY,+  - aditi
155_1--6.csv,41,"KaṭhUp, 2: 2",5 1,avidyāyām antare vartamānāḥ svayaṁ dhīrāḥ paṇḍitaṁ dandramyamāṇāḥ pariyanti mūḍhā andhenaiva nīyamānā |,"Muṇḍakopaniṣad MuṇḍUp, 2, 2: 2 8",avidyāyām antare vartamānāḥ svayaṁ dhīrāḥ paṇḍitaṁ jaṅghanyamānāḥ pariyanti mūḍhā andhenaiva nīyamānā ,PARTLY,+ dhīra - jaṅghan
326_1--2.csv,1,"TAkhy, 1: 1",1 1,asti kaścid vaṇijakaḥ ||,"Daśakumāracarita DKCar, 2, 6: 11 60",asti kiṁcid añjanam ||,PARTLY,+ vaṇijaka - añjana
45_1--471.csv,16,"Atharvaveda Śaunaka) AVŚ, 1, 3: 3 2",vidmā śarasya pitaraṁ mitraṁ śatavṛṣṇyaṁ |tenā te tanve śaṁ karaṁ pṛthivyāṁ te niṣecanaṁ bahiṣ ṭe ,PARTLY,"Atharvaveda Śaunaka) AVŚ, 1, 3: 3 3",vidmā śarasya pitaraṁ varuṇaṁ śatavṛṣṇyaṁ |tenā te tanve śaṁ karaṁ pṛthivyāṁ te niṣecanaṁ bahiṣ ṭe ,PARTLY,+ parjanya - varuṇa
302_1--9.csv,255,"SātT, 3: 3",38 1,śrīśiva uvāca ||,"Āśvalāyanagṛhyasūtra ĀśGS, 1, 1: 1 1",uktāni vaitānikāni gṛhyāni vakṣyāmaḥ ||,PARTLY,+  - gṛhya
114_1--166.csv,118,"GarPur, 1, 2: 2",18 2,garīyasāṁ gariṣṭhaṁ ca śreṣṭhaṁ ca śreyasāmapi ||,"Mahābhārata MBh, 12, 47: 1375 15",aṇīyasām aṇīyāṁsaṁ sthaviṣṭhaṁ ca sthavīyasām |garīyasāṁ gariṣṭhaṁ ca śreṣṭhaṁ ca śreyasām api ||,GOOD,
304_1--1.csv,9,"ŚiSam, 1: 1",9 1,kṣaṇasampad iyaṁ sudurlabhā pratilabdhā yadi nātra vicintyate hitaṁ punar apyeṣa samāgamaḥ kutaḥ |,"Bodhicaryāvatāra BoCA, 1: 1 4",kṣaṇasampadiyaṁ sudurlabhā pratilabdhā yadi nātra vicintyate hitaṁ punarapyeṣa samāgamaḥ kutaḥ ,GOOD,
150_1--36.csv,7,"KāSū, 1, 1: 1",7 1,bṛhaspatir arthādhikārikam ||,"Āyurvedadīpikā ĀVDīp zu Ca, Śār., 1, 31.2: 214 1",arthānāha arthā ityādi ||,PARTLY,+  - ityādi
32_1--58.csv,200,"ArthaŚ, 1, 2: 2",2 1,trayī vārttā daṇḍanītiśceti mānavāḥ ||,"Arthaśāstra ArthaŚ, 1, 2: 2 1",ānvīkṣikī trayī vārttā daṇḍanītiśceti vidyāḥ ||,PARTLY,+ mānava - vidyā
63_1--5.csv,71,"BhPr, 1, 2: 1",37 2,uṣṇavīryaṁ himasparśaṁ bhedanaṁ kāsanāśanam ||,"Madanapālanighaṇṭu MPālNigh, 1: 1 31",vibhītakaḥ svādupākaḥ kaṣāyaḥ kaphapittanut |uṣṇavīryo himasparśo bhedanaḥ kāsanāśanaḥ ||,PARTLY,+ vibhītaka - vibhītaka
203_1--257.csv,15,"MṛgṬīkā zu MṛgT, Vidyāpāda, 1, 1.2: 1",3 1,tadicchayā mayaivoktam iti ||,"Śivasūtravārtika ŚSūtraV zu ŚSūtra, 1, 16.1: 14 5",ity uktanītyā tat sarvam aham ity anusaṁhiteḥ ||,PARTLY,+  - anusaṁhiti
219_1--1.csv,136,"NighŚeṣa, 1: 1",68 2,jayā jayantī nādeyī śrīparṇī gaṇikārikā ||,"Bhāvaprakāśa BhPr, 1, 4: 3 23",agnimantho jayaḥ sa syāc chrīparṇī gaṇikārikā |jayā jayantī tarkārī nādeyī vaijayantikā ||,PARTLY,+ araṇi - tad
268_1--13.csv,2,"RCūM, 3: 1",1 2,sarvauṣadhamaye deśe ramye kūpasamanvite ||,"Rasaratnasamuccaya RRS, 7: 7 1",rasaśālāṁ prakurvīta sarvabādhāvivarjite |sarvauṣadhimaye deśe ramye kūpasamanvite ||,PARTLY,+ auṣadha - oṣadhi
246_1--15.csv,5,"RājMār zu YS, 3, 41.1: 1",5 1,siddhyantaram āha ||,"Rājamārtaṇḍa RājMār zu YS, 3, 42.1: 2 3",siddhyantaram āha ||,GOOD,
115_1--28.csv,6,"GautDhS, 1, 1: 1",6 1,upanayanaṁ brāhmaṇasyāṣṭame ||,"Khādiragṛhyasūtra KhGṛS, 2, 4: 6 1",aṣṭame varṣe brāhmaṇam upanayet ||,GOOD,
122_1--59.csv,5,"GB, 1, 1, 1: 1",5 1,tad abhyaśrāmyad abhyatapat samatapat ||,"Gopathabrāhmaṇa NEW GB, 1, 1, 3: 3 5",tās tatraivābhyaśrāmyad abhyatapat samatapat ||,GOOD,
298_1--123.csv,5,"SarvSund zu AHS, Sū., 9, 1.1: 1",5 1,tasmāt dravyaṁ pradhānam ||,"Aitareyabrāhmaṇa AitBr, 1, 4: 4 5",tattan nādṛtyam ||,PARTLY,+  - ādṛ
180_1--2.csv,347,"LAS, 2: 2",124 2,yaṁ deśayanti vai nāthāḥ pratyātmagatigocaram ||,"Laṅkāvatārasūtra LAS, 2: 2 131",tārkikāṇāmaviṣayaḥ śrāvakāṇāṁ na caiva hi |ye deśayanti vai nāthāḥ pratyātmagatigocaram ||,PARTLY,+ gocara - gocara
152_1--45.csv,333,"Kāśikāvṛtti zu Aṣṭādhyāyī, 6, 1, 90: 46",2 1,aci ity anuvartate ||,"Āyurvedadīpikā ĀVDīp zu Ca, Vim., 8, 7.2: 200 11",ityadhyayanavidhiriti upasaṁharaṇam ||,PARTLY,+  - upasaṁharaṇa
144_1--22.csv,2,"JB, 1, 5: 1",2 1,brahma vā agnihotram ||,"Jaiminīyabrāhmaṇa JB, 1, 5: 1 5",brahma vā agnihotram ||,GOOD,
166_1--9.csv,7,"KhGṛS, 2, 1: 3",7 1,nāvratyamācaret ||,"Khādiragṛhyasūtra KhGṛS, 2, 5: 7 7",nācariṣyantaṁ saṁvatsaram ||,GOOD,
146_1--1.csv,18,"KādSvīS, 1: 1",18 1,ekatra parijñānābhāvāt ||,"Commentary on the Kādambarīsvīkaraṇasūtramañjarī KādSvīSComm zu KādSvīS, 18.1: 18 1",ekatra parijñānābhāvād iti ||,GOOD,
167_1--2.csv,2,"Khādiragṛhyasūtrarudraskandavyākhyā zu KhGṛS, 2, 2, 17: 1",2 1,bhāryāntare tu kartavyameva prathamagarbhe ||,"Khādiragṛhyasūtrarudraskandavyākhyā Khādiragṛhyasūtrarudraskandavyākhyā zu KhGṛS, 2, 2, 17: 1 8",garbhāntarārthaṁ tu dvitīye garbhe kuryād eva ||,PARTLY,+  - dvitīya
274_1--11.csv,29,"GaṇaKārṬīkā zu GaṇaKār, 1.1: 1",29 1,pañcakās tv aṣṭa vijñeyā gaṇaś caikas trikātmakaḥ iti ||,"Ratnaṭīkā GaṇaKārṬīkā zu GaṇaKār, 1.1: 1 6",caśabdaḥ samuccayena kevalam aṣṭa pañcakā vijñeyā gaṇaś ,PARTLY,+ tu - kevalam
251_1--19.csv,3,"RHT, 1: 1",3 1,mūrchitvā harati rujaṁ bandhanamanubhūya muktido amarīkaroti sumṛtaḥ ko .nyaḥ karuṇākaraḥ sūtāt ||,"Rasaratnasamuccaya RRS, 1: 1 34",mūrchitvā harati rujaṁ bandhanamanubhūya muktido amarīkaroti hi mṛtaḥ ko .nyaḥ karuṇākaraḥ sūtāt ||,PARTLY,+ su - hi
62_1--16.csv,2,"BhāMañj, 5: 2",1 2,devīṁ sarasvatīṁ vyāsaṁ tato jayamudīrayet ||,"Bhāgavatapurāṇa BhāgPur, 1, 2: 2 4",nārāyaṇaṁ namaskṛtya naraṁ caiva narottamam |devīṁ sarasvatīṁ vyāsaṁ tato jayam udīrayet ||,GOOD,
190_1--2.csv,4,"MānGS, 1, 2: 2",3 1,phalāni dakṣiṇāṁ dadyāt ||,"Āyurvedadīpikā ĀVDīp zu Ca, Śār., 1, 38.2: 218 4",phalamiti adṛṣṭaphalam ||,PARTLY,+  - adṛṣṭa
229_1--1.csv,2,"PadCandr zu AHS, Utt., 39, 7.2: 1",2 1,dharmye dharmādanapete ||,"Aṣṭādhyāyī Aṣṭādhyāyī, 4, 4: 16 92",dharmapathyarthanyāyād anapete ||,PARTLY,+ dharmya - nyāya
290_1--1.csv,2,"SBhedaV, 1: 1",2 1,atha sambahulānāṁ kāpilavāstavānāṁ śākyānāṁ |,"Saṅghabhedavastu SBhedaV, 1: 1 12",ihāsmākam bhadanta sambahulānāṁ kāpilavāstavānāṁ ,PARTLY,+ atha - bhadanta
124_1--1.csv,64,"GorŚ, 1: 1",33 2,nāgaḥ kūrmo .tha kṛkaro devadatto dhanaṁjayaḥ ||,"Gheraṇḍasaṁhitā GherS, 5: 5 61",prāṇo .pānaḥ samānaś codānavyānau ca vāyavaḥ |nāgaḥ kūrmaś ca kṛkaro devadatto dhanaṁjayaḥ ||,PARTLY,+ atha - kṛ
13_1--232.csv,4,"AitBr, 1, 1: 1",4 1,agnir vai sarvā devatā viṣṇuḥ sarvā devatāḥ ||,"Maitrāyaṇīsaṁhitā MS, 1, 2, 8: 10 24",agnir vai sarvā devatā viṣṇur yajñaḥ ||,GOOD,
12_1--25.csv,771,"AgniPur, 14: 14",28 1,ity ādimahāpurāṇe āgneye mahābhāratavarṇanaṁ nāma |,"Agnipurāṇa AgniPur, 15: 15 16",ity ādimahāpurāṇe āgneye mahābhāratavarṇanaṁ nāma ,PARTLY,+ caturdaśa - pañcadaśa
185_1--163.csv,44,"LiPur, 1, 1: 1",22 2,sattvena sarvagaṁ viṣṇuṁ nirguṇatve maheśvaram ||,"Liṅgapurāṇa LiPur, 1, 6: 6 30",tamasā kālarudrākhyaṁ rajasā kanakāṇḍajam |sattvena sarvagaṁ viṣṇuṁ nirguṇatve maheśvaram ||,PARTLY,+ sarvaga - ga
213_1--22.csv,14,"NāSmṛ, 1, 1: 1",7 2,pratiṣṭhā vyavahārāṇāṁ gurvebhyas tūttarottaram ||,"Kātyāyanasmṛti KātySmṛ, 1: 1 82",kulāni śreṇayaś caiva gaṇas tv adhikṛto nṛpaḥ |pratiṣṭhā vyavahārāṇāṁ gurvebhyas tūttarottaram ||,GOOD,
315_1--1.csv,9,"Sphuṭārthāvyākhyā zu AbhidhKo, 1, 43.2: 1",9 1,prāṇādivat ||,"Āyurvedadīpikā ĀVDīp zu Ca, Sū., 12, 8.5: 26 6",prāṇādyātmā prāṇādisvarūpaḥ ||,GOOD,
211_1--1.csv,114,"Nāḍīparīkṣā, 1: 1",58 2,dvidoṣakopato jñeyā hanti ca sthānavicyutā ||,"Śārṅgadharasaṁhitā ŚdhSaṁh, 1, 1: 1 4",kadācin mandagamanā kadācidvegavāhinī |dvidoṣakopato jñeyā hanti ca sthānavicyutā ||,GOOD,
309_1--232.csv,1,"SkPur Rkh, 1, 1: 1",1 1,śrīgaṇeśāya namaḥ ||,"Gautamadharmasūtra GautDhS, 3, 8: 26 16",namaḥ sūryāyādityāya namaḥ ||,PARTLY,+  - āditya
89_1--14.csv,86,"DKCar, 1, 1: 1",82 1,iti śrīdaṇḍinaḥ kṛtau daśakumāracarite kumārotpattir nāma |,"Daśakumāracarita DKCar, 2, 1: 6 83",iti śrīdaṇḍinaḥ kṛtau daśakumāracarite rājavāhanacarito ,PARTLY,+ kumārotpatti - rājavāhanacarita
386_1--100.csv,133,"ViSmṛ, 2: 2",2 1,teṣām ādyā dvijātayas trayaḥ ||,"Divyāvadāna Divyāv, 2: 2 219",tena tāstisro gaṇḍikā darśitāḥ ||,PARTLY,+  - darśay
96_1--1.csv,384,"DhanV, 1: 1",193 2,yeṣām indīvaraśyāmo hṛdayastho janārdanaḥ ||,"Haribhaktivilāsa HBhVil, 3: 3 61",pāṇḍavagītāyām |lābhas teṣāṁ jayas teṣāṁ kutas teṣāṁ parābhavaḥ |yeṣām indīvaraśyāmo hṛdayasthajanārdanaḥ ||,PARTLY,+ parājaya - parābhava
279_1--12.csv,6,"ṚVKhil, 1, 1: 1",3 2,paśyema śaradaḥ śataṁ jīvema śaradaḥ śatam ||,"Ṛgvedakhilāni ṚVKhil, 1, 5: 5 6",udyantaṁ tvā mitramaha ārohantaṁ vicakṣaṇa |paśyema śaradaḥ śataṁ jīvema śaradaḥ śatam ||,GOOD,
266_1--3.csv,250,"RTar, 4: 3",4 2,gurudarśitamārgeṇa vahniṁ prajvālayedadhaḥ ||,"Rasakāmadhenu RKDh, 1, 1: 1 31",daṇḍamadhye tu sudṛḍhaṁ badhnīyād dravyapoṭalīm |gurudarśitamārgeṇa vahniṁ prajvālayedadhaḥ ||,GOOD,
30_1--24.csv,13,"ĀpGṛSū, 1: 1",13 1,prāgudagagrair vā ||,"Kauśikasūtra Kauśikasūtra, 1, 1: 1 14",prāg udag vā devānām ||,PARTLY,+ agra - deva
81_1--32.csv,6,"KādSvīSComm zu KādSvīS, 2.1: 2",1 1,ratyānandasyeti ||,"Śāṅkhāyanāraṇyaka ŚāĀr, 3, 7: 33 22",kenānandaṁ ratiṁ prajātim iti ||,GOOD,
41_1--11.csv,2,"ĀśGS, 1, 5: 5",2 1,buddhimate kanyāṁ prayacchet ||,"Khādiragṛhyasūtra KhGṛS, 2, 4: 6 25",prayacchaty asmai asmai vārkṣaṁ daṇḍam ||,PARTLY,+  - daṇḍa
207_1--6.csv,54,"MuṇḍUp, 3, 2: 4",11 1,na tatra sūryo bhāti na candratārakaṁ nemā vidyuto bhānti tam eva bhāntam anubhāti sarvaṁ tasya bhāsā sarvam |,"Kaṭhopaniṣad KaṭhUp, 5: 5 15",na tatra sūryo bhāti na candratārakaṁ nemā vidyuto bhānti tam eva bhāntam anu bhāti sarvaṁ tasya bhāsā sarvam ,PARTLY,+ anubhā - anu
68_1--47.csv,559,"BĀU, 2, 4: 10",3 1,sā hovāca maitreyī yenāhaṁ nāmṛtā syāṁ kim ahaṁ tena yad eva bhagavān veda tad eva me brūhīti ||,"Bṛhadāraṇyakopaniṣad BĀU, 4, 5: 26 4",sā hovāca maitreyī |yenāhaṁ nāmṛtā syām kim ahaṁ tena kuryām |yad eva bhagavān veda tad eva me brūhīti ||,GOOD,
395_1--3.csv,8,"YāSmṛ, 1: 1",4 2,yamāpastambasaṁvartāḥ kātyāyanabṛhaspatī ||,"Skandapurāṇa Revākhaṇḍa) SkPur Rkh, 1, 97: 97 91",manvatriviṣṇuhārītayājñavalkyośano.ṅgirāḥ |yamāpastambasaṁvartāḥ kātyāyanabṛhaspatī ||,GOOD,
398_1--1.csv,55,"YRā, 1: 1",29 2,eko doṣo viṣe tāmre tvaṣṭau doṣāḥ prakīrtitāḥ ||,"Bhāvaprakāśa BhPr, 2, 3: 5 58",viṣaṁ viṣamityāhustāmraṁ tu viṣamucyate |eko doṣo viṣe tāmre tvaṣṭau doṣāḥ prakīrtitāḥ ||,GOOD,
195_1--175.csv,132,"MPur, 2: 2",28 2,apa eva sasarjādau tāsu vīryam avāsṛjata ||,"Manusmṛti ManuS, 1: 1 8",so .bhidhyāya śarīrāt svāt sisṛkṣur vividhāḥ prajāḥ |apa eva sasarjādau tāsu vīryam avāsṛjat ||,PARTLY,+  - prajā
143_1--10.csv,91,"JaimGṛS, 2, 9: 10",4 2,pūjitāḥ pūjayanty ete nirdahanty avamānitāḥ ||,"Matsyapurāṇa MPur, 93: 92 80",grahā gāvo narendrāśca brāhmaṇāśca viśeṣataḥ |pūjitāḥ pūjayantyete nirdahantyavamānitāḥ ||,GOOD,
136_1--5.csv,32,"Hitop, 1: 1",15 2,parivartini saṁsāre mṛtaḥ ko vā na jāyate ||,"Śatakatraya ŚTr, 1: 1 32",parivartini saṁsāre mṛtaḥ ko vā na jāyate |sa jāto yena jātena yāti vaṁśaḥ samunnatim ||,GOOD,
322_1--6.csv,38,"ŚvetāśvUp, 2: 2",16 1,eṣa ha devaḥ pradiśo .nu sarvāḥ pūrvo ha jātaḥ sa u garbhe sa eva jātaḥ sa janiṣyamānaḥ pratyaṅjanās tiṣṭhati |,"Liṅgapurāṇa LiPur, 2, 18: 126 26",eṣo hi devaḥ pradiśo .nusarvāḥ pūrvo hi jātaḥ sa u garbhe sa eva jātaḥ sa janiṣyamāṇaḥ pratyaṅmukhāstiṣṭhati ,PARTLY,+ ha - pratyaṅmukha
39_1--12.csv,156,"ASāh, 5: 5",14 1,tiṣṭhatu khalu punaḥ kauśika jāmbūdvīpakān sarvasattvān |,"Aṣṭasāhasrikā ASāh, 5: 5 15",tiṣṭhatu khalu punaḥ kauśika cāturmahādvīpake ,PARTLY,+ jāmbūdvīpaka - cūlikā
179_1--14.csv,1,"LalVis, 1: 1",1 1,evaṁ mayā śrutam ||,"Divyāvadāna Divyāv, 11: 11 1",evaṁ mayā śrutam ||,GOOD,+ upari - pūrva
248_1--606.csv,155,"Rām, 1, 1: 1",76 2,rāmo rājyam upāsitvā brahmalokaṁ gamiṣyati ||,"Rāmāyaṇa Rām, 7, 50: 556 13",daśavarṣasahasrāṇi daśavarṣaśatāni ca |rāmo rājyam upāsitvā brahmalokaṁ gamiṣyati ||,GOOD,
56_1--5.csv,9,"BaudhŚS, 1, 1: 1",9 1,upavasathasya rūpaṁ kurvanti ||,"Aṣṭādhyāyī Aṣṭādhyāyī, 8, 3: 31 50",kaḥkaratkaratikṛdhikṛteṣv anaditeḥ ||,PARTLY,+  - aditi
193_1--12.csv,10,"ManuS, 1: 1",5 2,apratarkyam avijñeyaṁ prasuptam iva sarvataḥ ||,"Skandapurāṇa Revākhaṇḍa) SkPur Rkh, 1, 125: 125 6",āsīdidaṁ tamobhūtamaprajñātamalakṣaṇam |apratarkyam avijñeyaṁ prasuptam iva sarvataḥ ||,GOOD,
261_1--190.csv,22,"RRSṬīkā zu RRS, 8, 7.2: 56",11 1,asyā nāmāntaraṁ gandhakapiṣṭīti ||,"Rasaratnasamuccayabodhinī RRSBoṬ zu RRS, 9, 56.3: 139 4",granthāntare.sya ūrdhvapātanamiti nāmāntaram ||,PARTLY,+ gandhakapiṣṭī - ūrdhvapātana
40_1--20.csv,299,"Aṣṭāvakragīta, 15: 15",17 2,nirvāsanaḥ sphūrtimātro na kiṁcid iva śāmyati ||,"Aṣṭāvakragīta Aṣṭāvakragīta, 11: 11 8",nānāścaryam idaṁ viśvaṁ na kiṁcid iti niścayī |nirvāsanaḥ sphūrtimātro na kiṁcid iva śāmyati ||,PARTLY,+ bhrānti - āścarya
147_1--1.csv,88,"KaiNigh, 2: 1",45 2,varṇyā snigdhā kaphaśvāsakāsabhūtaviṣāsrahā ||,"Bhāvaprakāśa BhPr, 1, 8: 4 133",manaḥśilā gururvarṇyā saroṣṇā lekhanī kaṭuḥ |tiktā snigdhā viṣaśvāsakāsabhūtakaphāsranut ||,PARTLY,+ han - nud
153_1--2.csv,8,"KāṭhGṛSū, 1: 1",5 1,yo gurus tam arhayet ||,"Mānavagṛhyasūtra MānGS, 1, 2: 2 5",yo gurus tam arhayet ||,GOOD,
317_1--29.csv,150,"Śusa, 4: 4",9 1,iti kathāṁ śrutvā prabhāvatī suptā ||,"Śukasaptati Śusa, 9: 9 5",iti kathāṁ śrutvā prabhāvatī suptā ||,GOOD,
187_1--1995.csv,137,"MBh, 1, 1: 1",38 2,dṛśyante tāni tānyeva tathā bhāvā yugādiṣu ||,"Kūrmapurāṇa KūPur, 1, 7: 7 66",yathartāvṛtuliṅgāni nānārūpāṇi paryaye |dṛśyante tāni tānyeva tathā bhāvā yugādiṣu ||,GOOD,
385_1--126.csv,93,"ViPur, 1, 2: 2",14 2,tathā puruṣarūpeṇa kālarūpeṇa ca sthitam ||,"Garuḍapurāṇa GarPur, 1, 4: 4 4",tad etat sarvam evaitad vyaktāvyaktasvarūpavat |tathā puruṣarūpeṇa kālarūpeṇa ca sthitam ||,PARTLY,+ avyakta - avyakta
121_1--12.csv,181,"GokPurS, 1: 1",88 1,iti śrīskānde gokarṇakhaṇḍe śrīgokarṇamāhātmye |,"Gokarṇapurāṇasāraḥ GokPurS, 7: 7 87",iti śrīskānde mahāpurāṇe gokarṇakhaṇḍe ,PARTLY,+ prathama - saptama
130_1--5.csv,173,"HBhVil, 1: 1",86 2,na kuryād guruputrasya pādayoḥ śaucam eva ca ||,"Kūrmapurāṇa KūPur, 2, 14: 65 29",utsādanaṁ vai gātrāṇāṁ snāpanocchiṣṭabhojane |na kuryād guruputrasya pādayoḥ śaucameva ca ||,GOOD,
194_1--14.csv,611,"MBhT, 8: 8",2 2,śilāmadhye tathā cakraṁ lakṣmīnārāyaṇaṁ param ||,"Mātṛkābhedatantra MBhT, 8: 8 5",pūrṇaliṅgaṁ maheśāni śivabījaṁ na cānyathā |śilāmadhye tathā cakraṁ lakṣmīnārāyaṇaṁ param ||,PARTLY,+ maheśāna - maheśānī
328_1--22.csv,69,"TantraS, 4: 4",29 1,śaktayaś ca asya asaṁkhyeyāḥ ||,"Vaiśeṣikasūtra VaiśSū, 7, 1: 13 3",idamevaṁguṇam idam evaṁguṇamiti coktam ||,PARTLY,+  - vac
55_1--9.csv,4,"BaudhGS, 1, 0: 1",4 1,tatra hi hūyata eva ||,"Baudhāyanagṛhyasūtra BaudhGS, 1, 0: 1 6",tatra hi hutvā dīyata eva ||,GOOD,
278_1--1028.csv,80,"ṚV, 1, 4: 4",10 2,tasmā indrāya gāyata ||,"Ṛgveda ṚV, 8, 32: 652 13",yo rāyo .vanir mahān supāraḥ sunvataḥ sakhā |tam indram abhi gāyata ||,GOOD,
372_1--17.csv,1,"VaiśSū, 1, 1: 1",1 1,athāto dharmaṁ vyākhyāsyāmaḥ ||,"Carakasaṁhitā Ca, 1, 1: 1 1",athāto dīrghaṁjīvitīyam adhyāyaṁ vyākhyāsyāmaḥ ||,PARTLY,+ dharma - adhyāya
186_1--3.csv,56,"MPālNigh, 1: 1",31 2,uṣṇavīryo himasparśo bhedanaḥ kāsanāśanaḥ ||,"Bhāvaprakāśa BhPr, 1, 2: 1 37",vibhītakaṁ svādupākaṁ kaṣāyaṁ kaphapittanut |uṣṇavīryaṁ himasparśaṁ bhedanaṁ kāsanāśanam ||,PARTLY,+ vibhītaka - vibhītaka
73_1--2.csv,2,"Cakra ? on Suśr zu Su, Sū., 24, 8.1: 2",1 1,mūlamiti kāraṇam ||,"Āyurvedadīpikā ĀVDīp zu Ca, 1, Cik., 4, 5: 343 2",mūlamiti kāraṇam ||,GOOD,
254_1--13.csv,1258,"RPSudh, 6: 6",81 2,pāṣāṇagairikaṁ proktaṁ kaṭhinaṁ tāmravarṇakam ||,"Rasendracūḍāmaṇi RCūM, 11: 8 85",pāṣāṇagairikaṁ caikaṁ dvitīyaṁ svarṇagairikam |pāṣāṇagairikaṁ proktaṁ kaṭhinaṁ tāmravarṇakam ||,PARTLY,+ tāmra - tāmra
52_1--69.csv,2,"Ayurvedarasāyana zu AHS, Sū., 9, 1.1: 1",2 1,rasādibhyo dravyameva pradhānam ||,"Sarvāṅgasundarā SarvSund zu AHS, Sū., 9, 1.1: 1 2",rasavīryādīnāṁ madhye dravyameva pradhānam ||,GOOD,
400_1--137.csv,16,"YSBhā zu YS, 1, 11.1: 10",7 1,svapne bhāvitasmartavyā ||,"Viṁśatikāvṛtti ViṁVṛtti zu ViṁKār, 1, 3.1: 3 1",svapna iva svapnavat ||,PARTLY,+  - vat
118_1--12.csv,9,"GītGov, 1: 1",9 1,keśava dhṛtanaraharirūpa jaya jagadīśa hare ||,"Gītagovinda GītGov, 1: 1 12",keśava dhṛtabhṛgupatirūpa jaya jagadīśa hare ||,PARTLY,+ narahari - bhṛgupati
356_1--9.csv,149,"Ṭikanikayātrā, 9: 9",21 2,godhāhirapajāhakasaraṭāśaśānām aniṣṭaphalam ||,"Āyurvedadīpikā ĀVDīp zu Ca, Śār., 1, 38.2: 218 4",phalamiti adṛṣṭaphalam ||,PARTLY,+  - adṛṣṭa
17_1--2.csv,38,"AKośa, 1: 1",19 2,dāmodaro hṛṣīkeśaḥ keśavo mādhavaḥ svabhūḥ ||,"Aṣṭāṅganighaṇṭu AṣṭNigh, 1: 1 398",viṣṇurnārāyaṇaḥ kṛṣṇo vaikuṇṭho viṣṭaraśravāḥ |dāmodaro hṛṣīkeśaḥ keśavo mādhavaḥ svabhūḥ ||,PARTLY,+ svabhū - puruṣottama
156_1--1.csv,6,"KātySmṛ, 1: 1",3 2,parīkṣyakāriṇaṁ dhīram atyantaṁ śrīr niṣevate ||,"Mahābhārata MBh, 5, 34: 698 56",vaśyendriyaṁ jitāmātyaṁ dhṛtadaṇḍaṁ vikāriṣu |parīkṣyakāriṇaṁ dhīram atyantaṁ śrīr niṣevate ||,PARTLY,+ ātman - amātya
253_1--10.csv,18,"RMañj, 1: 1",11 2,devībhaktaḥ sadā dhīro devatāyāgatatparaḥ ||,"Rasaratnākara RRĀ, 3, 1: 20 13",mantrasiddho mahāvīro niścalaḥ śivavatsalaḥ |devībhaktaḥ sadā dhīro devatāyāgatatparaḥ ||,PARTLY,+ sidh - siddha
54_1--8.csv,1,"BaudhDhSū, 1, 1: 1",1 1,upadiṣṭo dharmaḥ prativedam ||,"Viṣṇusmṛti ViSmṛ, 71: 71 51",na cāsyopadiśed dharmam ||,PARTLY,+ prativedam - idam
311_1--1.csv,49,"Smaradīpikā, 1: 1",28 1,iti puruṣalakṣaṇāni catvāri ||,"Pañcārthabhāṣya PABh zu PāśupSūtra, 4, 22: 120 2",puruṣa iti pauruṣyānupūraṇāc ca puruṣaḥ ||,PARTLY,+  - ca
43_1--2.csv,1,"AVPr, 2, 1: 1",1 1,atha yasyāgnayo mithaḥ saṁsṛjyeran kā tatra prāyaścittiḥ ||,"Atharvaprāyaścittāni AVPr, 2, 1: 1 5",atha yasyāgnayo grāmyeṇāgninā saṁsṛjyeran kā tatra ,PARTLY,+ mithas - grāmya
18_1--1.csv,2,"AmarŚās, 1: 1",2 1,ṣaḍadhvagā kathyate ||,"Tantrākhyāyikā TAkhy, 1: 1 70",kathaya kathayeti ||,PARTLY,+  - iti
175_1--95.csv,24,"KūPur, 1, 1: 1",12 2,vaṁśānucaritaṁ caiva purāṇaṁ pañcalakṣaṇam ||,"Narasiṁhapurāṇa NarasiṁPur, 1: 1 34",sargaś ca pratisargaś ca vaṁśo manvantarāṇi ca |vaṁśānucaritaṁ caiva purāṇaṁ pañcalakṣaṇam ||,GOOD,
252_1--3.csv,18,"RKDh, 1, 1: 1",10 2,tattadaucityayogena khalveṣvanyeṣu yojayet ||,"Rasaratnasamuccaya RRS, 9: 9 82",asminpañcapalaḥ sūto mardanīyo viśuddhaye |tattadaucityayogena khalleṣvanyeṣu yojayet ||,PARTLY,+ khalva - khalla
134_1--6.csv,79,"Hiraṇyakeśigṛhyasūtra, 1, 23: 4",2 1,samopyaitam agnim anuharanti ||,"Āpastambagṛhyasūtra ĀpGṛSū, 6: 5 14",samopyaitam agnim anuharanti ||,GOOD,
300_1--3.csv,37,"ŚTr, 1: 1",32 2,sa jāto yena jātena yāti vaṁśaḥ samunnatim ||,"Hitopadeśa Hitop, 1: 1 15",sa jāto yena jātena yāti vaṁśaḥ samunnatim |parivartini saṁsāre mṛtaḥ ko vā na jāyate ||,GOOD,
157_1--1.csv,3,"KātyŚS, 1, 1: 1",3 1,avabhṛtha iti majjayati ||,"Āyurvedadīpikā ĀVDīp zu Ca, Vim., 8, 7.2: 200 11",ityadhyayanavidhiriti upasaṁharaṇam ||,PARTLY,+  - upasaṁharaṇa
27_1--35.csv,384,"ĀK, 1, 2: 2",125 2,candrārdhaśobhimakuṭāḥ nīlagrīvā vṛṣadhvajāḥ ||,"Rasārṇava RArṇ, 2: 2 60",aṣṭādaśabhujā rudrāḥ pañcavaktrās tryambakāḥ |candrārdhaśobhimukuṭā nīlagrīvā vṛṣadhvajāḥ ||,PARTLY,+ makuṭa - mukuṭa
224_1--10.csv,16,"NyāSū, 1, 1: 1",16 1,yugapat jñānānutpattir manaso liṅgam ||,"Vaiśeṣikasūtravṛtti VaiSūVṛ zu VaiśSū, 3, 2, 1: 88 2",evaṁ jñānotpattyanutpattī manaso liṅgam ||,PARTLY,+ yugapad - utpatti
307_1--3.csv,4,"ŚSūtra, 1: 1",4 1,jñānādhiṣṭhānaṁ mātṛkā ||,"Śivasūtravārtika ŚSūtraV zu ŚSūtra, 1, 4.1: 4 15",adhiṣṭhānam adhiṣṭhātrī tadadhiṣṭhānato nṛṇām ||,PARTLY,+  - nṛ
247_1--35.csv,223,"RājNigh, 5: 5",18 1,kandodbhavā guḍūcī ca kaṭūṣṇā saṁnipātahā viṣaghnī |,"Dhanvantarinighaṇṭu DhanvNigh, 1: 1 8",kandodbhavā guḍūcī ca kaṭūṣṇā saṁnipātahā |viṣaghnī jvarabhūtaghnī valīpalitanāśinī ||,GOOD,
267_1--8.csv,22,"RCint, 1: 1",15 2,manasaśca samādhānaṁ rasayogādavāpyate ||,"Rasārṇava RArṇ, 1: 1 21",acirājjāyate devi śarīram ajarāmaram |manasaśca yathā dhyānaṁ rasayogādavāpyate ||,PARTLY,+ samādhāna - dhyāna
132_1--4.csv,108,"HYP, 1: 1",61 2,abdād ūrdhvaṁ bhavet siddho nātra kāryā vicāraṇā ||,"Gorakṣaśataka GorŚ, 1: 1 53",brahmacārī mitāhārī tyāgī yogaparāyaṇaḥ |abdād ūrdhvaṁ bhavet siddho nātra kāryā vicāraṇā ||,PARTLY,+ brahmacārin - brahmacārin
202_1--12.csv,68,"MṛgT, 1, 2: 2",5 2,sarvataś ca yato muktau śrūyate sarvatomukham ||,"Mṛgendraṭīkā MṛgṬīkā zu MṛgT, Vidyāpāda, 6, 1.2: 117 7",caitanyaṁ dṛkkriyārūpaṁ tadastyātmani sarvadā |sarvataśca yato muktau śrūyate sarvatomukham ||,GOOD,
51_1--400.csv,25,"ĀVDīp zu Ca, Sū., 12, 8.5: 26",16 1,yoniḥ abhivyaktikāraṇam ||,"Vaiśeṣikasūtra VaiśSū, 7, 2: 14 26",kāraṇaparatvāt kāraṇāparatvācca ||,PARTLY,+  - ca
249_1--1.csv,311,"RAdhy, 1: 1",158 2,vastramṛttikayā limpet haṭhāgniṁ jvālayettathā ||,"Rasādhyāya RAdhy, 1: 1 164",mukhe koḍīyakaṁ dadyād adhovaktre pidhānakam |vastramṛttikayā limpet haṭhāgniṁ jvālayettataḥ ||,PARTLY,+ tathā - tatas
292_1--146.csv,1,"ŚāĀr, 1, 1: 1",1 1,prajāpatir vai saṁvatsaraḥ ||,"Śāṅkhāyanāraṇyaka ŚāĀr, 1, 1: 1 13",atho prajāpatir vai saṁvatsaraḥ pañcaviṁśaḥ ||,GOOD,
291_1--8.csv,1,"ŚGṛS, 1, 5: 1",1 1,catvāraḥ pākayajñā huto .hutaḥ prahutaḥ prāśita iti ||,"Pāraskaragṛhyasūtra Pāraskaragṛhyasūtra, 1, 4: 2 1",catvāraḥ pākayajñā huto .hutaḥ prahutaḥ prāśita iti ||,GOOD,
35_1--32.csv,2,"Aṣṭādhyāyī, 1, 1: 1",2 1,adeṅ guṇaḥ ||,"Aṣṭādhyāyī Aṣṭādhyāyī, 6, 1: 21 109",eṅaḥ padāntād ati ||,PARTLY,+ guṇa - anta
238_1--16.csv,18,"Parāśarasmṛtiṭīkā zu ParDhSmṛti, 2, 2.1: 1",16 1,tacca sarvatra prasiddham ||,"Divyāvadāna Divyāv, 18: 18 418",sa ca sumatistatsthānamanusaṁprāptaḥ ||,PARTLY,+  - anusamprāp
314_1--41.csv,7,"SpandaKārNir zu SpandaKār, 1, 1.2: 1",7 1,etac ca vyaktībhaviṣyati ||,"Arthaśāstra ArthaŚ, 1, 8: 8 18",amānuṣeṣvapi caitad dṛśyate ||,PARTLY,+ vyaktībhū - dṛś
231_1--168.csv,5,"PABh zu PāśupSūtra, 1, 1: 1",2 1,āha vakṣyati bhagavān pañcārtham ||,"Divyāvadāna Divyāv, 18: 18 265",bhagavānāha sucirasya dharmaruce dharmarucirāha ,PARTLY,+  - dharmaruci
308_1--73.csv,42,"ŚSūtraV zu ŚSūtra, 1, 4.1: 4",11 1,iti śrītimirodghāṭaproktanītyanusārataḥ ||,"Śivasūtravārtika ŚSūtraV zu ŚSūtra, 3, 44.1: 72 14",iti śrībhagavadgītāproktanītyanusārataḥ ||,PARTLY,+ timirodghāṭa - bhagavadgītā
375_1--17.csv,18,"VārGṛSū, 1: 1",11 1,barhiṣaḥ pavitre kurute ||,"Aṣṭādhyāyī Aṣṭādhyāyī, 8, 3: 31 50",kaḥkaratkaratikṛdhikṛteṣv anaditeḥ ||,PARTLY,+  - aditi
262_1--18.csv,2,"RArṇ, 1: 1",1 2,yaśca sarvamayo nityaṁ tasmai sarvātmane namaḥ ||,"Mahābhārata MBh, 12, 47: 1375 54",yasmin sarvaṁ yataḥ sarvaṁ yaḥ sarvaṁ sarvataśca yaḥ |yaśca sarvamayo nityaṁ tasmai sarvātmane namaḥ ||,GOOD,
6_1--3.csv,302,"AbhCint, 2: 2",74 2,manvantaraṁ tu divyānāṁ yugānāmekasaptatiḥ ||,"Amarakośa AKośa, 1: 1 148",daive yugasahasre dve brāhmaḥ kalpau tu tau nṝṇām |manvantaraṁ tu divyānāṁ yugānāmekasaptatiḥ ||,GOOD,
259_1--188.csv,11,"RRSBoṬ zu RRS, 8, 10.2: 67",3 1,sā utthāpanakriyā ||,"Aitareyabrāhmaṇa AitBr, 1, 4: 4 5",tattan nādṛtyam ||,PARTLY,+  - ādṛ
145_1--1.csv,52,"JanMVic, 1: 1",31 1,sā ca pṛthivyām eva vyavasthitā ||,"Daśakumāracarita DKCar, 2, 3: 8 43",tena ca tamarthaṁ tathaivānvatiṣṭhatām ||,PARTLY,+  - anuṣṭhā
363_1--15.csv,27,"UḍḍT, 1: 1",13 2,śivena kathitā yogā uḍḍīśe śāstraniścaye ||,"Uḍḍāmareśvaratantra UḍḍT, 12: 12 7",anyān api prayogāṁś ca śṛṇuṣva vai varānane |śivena kathitā yogā uḍḍīśe śāstraniścaye ||,PARTLY,+ bahu - vai
77_1--153.csv,3,"ChāUp, 1, 1: 1",1 3,tasyopavyākhyānam ||,"Chāndogyopaniṣad ChāUp, 1, 4: 4 1",om ity etad akṣaram udgītham upāsīta |om iti hy udgāyati |tasyopavyākhyānam ||,GOOD,
58_1--119.csv,55,"BhāgPur, 1, 2: 2",4 2,devīṁ sarasvatīṁ vyāsaṁ tato jayam udīrayet ||,"Bhāratamañjarī BhāMañj, 5: 2 1",nārāyaṇaṁ namaskṛtya naraṁ caiva narottamam |devīṁ sarasvatīṁ vyāsaṁ tato jayamudīrayet ||,GOOD,
48_1--22.csv,9,"AvŚat, 1: 1",6 2,prahāya jātisaṁsāraṁ duḥkhasyāntaṁ kariṣyati ||,"Avadānaśataka AvŚat, 2: 2 7",yo hy asmin dharmavinaye apramattaś cariṣyati |prahāya jātisaṁsāraṁ duḥkhasyāntaṁ kariṣyati |iti ||,GOOD,
221_1--7.csv,28,"NyāBh zu NyāSū, 3, 2, 41: 5",13 1,ānantaryād iti karaṇīyeṣvartheṣu ||,"Āyurvedadīpikā ĀVDīp zu Ca, Cik., 1, 24.2: 291 8",kṛtavāpana iti kṛtakṣauraḥ ||,PARTLY,+  - kṣaura
66_1--10.csv,4,"BoCA, 1: 1",4 1,kṣaṇasampadiyaṁ sudurlabhā pratilabdhā yadi nātra vicintyate hitaṁ punarapyeṣa samāgamaḥ kutaḥ |,"Śikṣāsamuccaya ŚiSam, 1: 1 9",kṣaṇasampad iyaṁ sudurlabhā pratilabdhā yadi nātra vicintyate hitaṁ punar apyeṣa samāgamaḥ kutaḥ ,GOOD,
327_1--19.csv,1,"TĀ, 1: 1",1 1,vimalakalāśrayābhinavasṛṣṭimahā jananī bharitatanuśca tadubhayayāmalasphuritabhāvavisargamayaṁ |,"Tantrasāra TantraS, 1: 1 1",vimalakalāśrayābhinavasṛṣṭimahā jananī bharitatanuś ca tadubhayayāmalasphuritabhāvavisargamayaṁ hṛdayam ,GOOD,
10_1--1.csv,119,"Acintyastava, 1: 1",60 1,ity acintyastavaḥ samāptaḥ ||,"Āyurvedadīpikā ĀVDīp zu Ca, Vim., 8, 7.2: 200 11",ityadhyayanavidhiriti upasaṁharaṇam ||,PARTLY,+  - upasaṁharaṇa
239_1--9.csv,49,"Pāraskaragṛhyasūtra, 1, 4: 2",1 1,catvāraḥ pākayajñā huto .hutaḥ prahutaḥ prāśita iti ||,"Śāṅkhāyanagṛhyasūtra ŚGṛS, 1, 5: 1 1",catvāraḥ pākayajñā huto .hutaḥ prahutaḥ prāśita iti ||,GOOD,
310_1--24.csv,1088,"SkPur, 13: 13",37 2,tasyāpi daśanāḥ petur dṛṣṭamātrasya śambhunā ||,"Liṅgapurāṇa LiPur, 1, 102: 102 38",pūṣā dantān daśan dantair bālamaikṣata mohitaḥ |tasyāpi daśanāḥ petur dṛṣṭamātrasya śaṁbhunā ||,PARTLY,+ śarva - bāla
97_1--4.csv,17,"DhanvNigh, 1: 1",8 2,viṣaghnī jvarabhūtaghnī valīpalitanāśinī ||,"Rājanighaṇṭu RājNigh, 5: 5 18",kandodbhavā guḍūcī ca kaṭūṣṇā saṁnipātahā viṣaghnī ,GOOD,
250_1--81.csv,12,"RAdhyṬ zu RAdhy, 11.2: 2",11 1,prāṇāyāmasādhanābhāvāc ca ||,"Liṅgapurāṇa LiPur, 1, 7: 7 3",prāṇāyāmādibhiścāṣṭasādhanaiḥ sahacāriṇaḥ ||,PARTLY,+ abhāva - sahacārin
263_1--1.csv,53,"RAK, 1: 1",87 2,kālikārahitaṁ tena jāyate kanakaprabham ||,"Rasārṇava RArṇ, 12: 12 24",niśācararase kṣiptaṁ saptavāraṁ tu bhāskaram |kālikārahitaṁ tena jāyate kanakaprabham ||,GOOD,
258_1--18.csv,58,"RRS, 1: 1",30 2,tulādānāśvamedhānāṁ phalaṁ prāpnoti śāśvatam ||,"Rasendracintāmaṇi RCint, 1: 1 27",rogibhyo yo rasaṁ datte śuddhipākasamanvitam |tulādānāśvamedhānāṁ phalaṁ prāpnoti śāśvatam ||,GOOD,
217_1--3.csv,16,"NŚVi zu NāṭŚ, 6, 66.2: 2",16 1,api tu viparyayeṇa ||,"Kāmasūtra KāSū, 2, 7: 12 26",ātyayikaṁ tu tatrāpi pariharet ||,PARTLY,+ viparyaya - parihṛ
222_1--2.csv,2,"NyāBi, 1: 1",2 1,dvividhaṁ samyagjñānam ||,"Āyurvedadīpikā ĀVDīp zu Ca, Śār., 1, 153.2: 277 9",satyā buddhiḥ samyagjñānam ||,PARTLY,+ dvividha - buddhi
204_1--368.csv,11,"MuA zu RHT, 1, 1.2: 1",10 1,akhilaṁ jagat paśyata iti vastunirdeśābjayaddraṣṭā ||,"Śāṅkhāyanāraṇyaka ŚāĀr, 5, 3: 51 11",ityevaṁ hi paśyāma iti ||,PARTLY,+  - hi
373_1--337.csv,5,"VaiSūVṛ zu VaiśSū, 2, 1, 2: 2",3 1,snigdhā iti āsāmeva snehaḥ ||,"Daśakumāracarita DKCar, 2, 8: 13 196",anenaiva saha bālikeyaṁ svīkartavyā iti ||,PARTLY,+  - svīkṛ
11_1--1.csv,60,"Rasaratnasamuccaya RRS, 4: 4 14",hlādi śvetaṁ laghu snigdhaṁ raśmivannirmalaṁ mahat |khyātaṁ toyaprabhaṁ vṛttaṁ mauktikaṁ navadhā śubham ,PARTLY,"Rasendracūḍāmaṇi RCūM, 12: 9 8",hlādi śvetaṁ laghu snigdhaṁ raśmivannirmalaṁ mahat |khyātaṁ toyaprabhaṁ vṛttaṁ mauktikaṁ navadhā śubham ,PARTLY,+ hari - hlādin
37_1--1.csv,5,"AṣṭNigh, 1: 1",3 2,śoṣagulmāṅgamardordhvaśvāsakāsaharo gaṇaḥ ||,"Aṣṭāṅgahṛdayasaṁhitā AHS, 1, 15: 15 10",vidāryādir ayaṁ hṛdyo bṛṁhaṇo vātapittahā |śoṣagulmāṅgamardordhvaśvāsakāsaharo gaṇaḥ ||,GOOD,
220_1--7.csv,24,"Nirukta, 1, 2: 2",8 1,jāyata iti pūrvabhāvasyādim ācaṣṭe nāparabhāvam ācaṣṭe |,"Nirukta Nirukta, 1, 2: 2 14",vinaśyatītyaparabhāvasyādim ācaṣṭe na pūrvabhāvam ,PARTLY,+ jan - vinaś
159_1--31.csv,1,"Kauśikasūtra, 1, 1: 1",1 1,atha vidhiṁ vakṣyāmaḥ ||,"Āśvalāyanagṛhyasūtra ĀśGS, 1, 1: 1 1",uktāni vaitānikāni gṛhyāni vakṣyāmaḥ ||,PARTLY,+  - gṛhya
399_1--4.csv,1,"YS, 1: 1",1 1,atha yogānuśāsanam ||,"Khādiragṛhyasūtra KhGṛS, 2, 4: 6 16",athainaṁ paridadyād antakaprabhṛtibhiḥ ||,PARTLY,+  - paridā
323_1--7.csv,44,"Śyainikaśāstra, 1: 1",22 2,śrāddhakṛt satyavādī ca gṛhastho.pi vimucyate ||,"Yājñavalkyasmṛti YāSmṛ, 3: 3 205",nyāyāgatadhanas tattvajñānaniṣṭho .tithipriyaḥ |śrāddhakṛt satyavādī ca gṛhastho .pi hi mucyate ||,PARTLY,+ vimuc - muc
173_1--1.csv,51,"KAM, 1: 1",23 3,na hi samprāpyate śreṣṭhaṁ tasmād ārādhayācyutam ||,"Viṣṇupurāṇa ViPur, 1, 11: 11 42",marīcir uvāca |anārādhitagovindair naraiḥ sthānaṁ nṛpātmaja |na hi samprāpyate śreṣṭhaṁ tasmād ārādhayācyutam ||,GOOD,
104_1--20.csv,1,"Divyāv, 1: 1",1 1,buddho bhagavāñśrāvastyāṁ viharati sma jetavane |,"Divyāvadāna Divyāv, 13: 13 1",buddho bhagavāñ śrāvastyāṁ viharati sma jetavane ,GOOD,
240_1--3.csv,1,"Paraśurāmakalpasūtra, 1: 1",1 1,athāto dīkṣāṁ vyākhyāsyāmaḥ ||,"Carakasaṁhitā Ca, 1, 1: 1 1",athāto dīrghaṁjīvitīyam adhyāyaṁ vyākhyāsyāmaḥ ||,PARTLY,+ dīkṣā - adhyāya
9_1--2.csv,146,"ACint, 1: 1",82 2,yavāgū bahusikthā syāt vilepī viraladravā ||,"Suśrutasaṁhitā Su, 1, 46: 46 345",sikthair virahito maṇḍaḥ peyā sikthasamanvitā |vilepī bahusikthā syādyavāgūrviraladravā ||,PARTLY,+  - virahita
245_1--7.csv,17,"Prasannapadā zu MMadhKār, 1, 3.2: 2",6 1,bhavanaṁ bhāva utpādaḥ ||,"Āyurvedadīpikā ĀVDīp zu Ca, Śār., 1, 51.2: 225 2",bhāvānāmiti śarīrādibhāvānām ||,PARTLY,+  - ādi
241_1--5.csv,2,"PāśupSūtra, 1: 1",2 1,bhasmanā triṣavaṇaṁ snāyīta ||,"Viṣṇusmṛti ViSmṛ, 50: 50 2",triṣavaṇaṁ snāyāt ||,PARTLY,+ bhasman - vas
125_1--6.csv,7,"GṛRĀ, 1: 1",4 1,evaṁ pitāmahādibhirapi pitṛdvāreṇa śarīrāvayavānvayataḥ |,"Parāśarasmṛtiṭīkā Parāśarasmṛtiṭīkā zu ParDhSmṛti, 2, 15.2: 16 526",tathā pitāmahādibhirapi pitṛdvāreṇa ,PARTLY,+ evam - tad
31_1--6.csv,5,"ĀpŚS, 1, 1: 1",5 1,yāḥ prāyaṇīyasya yājyā ity uktam ||,"Kauśikasūtra Kauśikasūtra, 1, 8: 8 14",yadyat kṛṣṇaḥ iti mantroktam ||,PARTLY,+  - mantra
206_1--14.csv,45,"MMadhKār, 2: 2",9 2,gamanena vinā gantā yadā naivopapadyate ||,"Mūlamadhyamakārikāḥ MMadhKār, 2: 2 16",gantā tāvat tiṣṭhatīti katham evopapatsyate |gamanena vinā gantā yadā naivopapadyate ||,PARTLY,+ gam - sthā
319_1--17.csv,11,"Sūryaśatakaṭīkā zu SūryaŚ, 1, 1.2: 1",11 1,kiṁ kurvanto bhānavaḥ ||,"Āyurvedadīpikā ĀVDīp zu Ca, Cik., 1, 24.2: 291 8",kṛtavāpana iti kṛtakṣauraḥ ||,PARTLY,+  - kṣaura
155_1--6.csv,53,"KaṭhUp, 2: 2",16 1,om ity etat ||,"Aitareyabrāhmaṇa AitBr, 4, 20: 141 9",nṛṣad ity eṣa vai nṛṣat ||,PARTLY,+ oṁ - nṛṣad
326_1--2.csv,1,"TAkhy, 1: 1",1 1,asti kaścid vaṇijakaḥ ||,"Divyāvadāna Divyāv, 19: 19 282",nāsti kiṁcid aśulkitam ||,PARTLY,+ vaṇijaka - śulkay
45_1--471.csv,16,"Atharvaveda Śaunaka) AVŚ, 1, 3: 3 2",vidmā śarasya pitaraṁ mitraṁ śatavṛṣṇyaṁ |tenā te tanve śaṁ karaṁ pṛthivyāṁ te niṣecanaṁ bahiṣ ṭe ,PARTLY,"Atharvaveda Śaunaka) AVŚ, 1, 3: 3 4",vidmā śarasya pitaraṁ candraṁ śatavṛṣṇyaṁ |tenā te tanve śaṁ karaṁ pṛthivyāṁ te niṣecanaṁ bahiṣ ṭe ,PARTLY,+ parjanya - candra
302_1--9.csv,255,"SātT, 3: 3",38 1,śrīśiva uvāca ||,"Khādiragṛhyasūtra KhGṛS, 2, 5: 7 6",uktam upanayanam ||,PARTLY,+  - upanayana
114_1--166.csv,237,"GarPur, 1, 4: 4",4 2,tathā puruṣarūpeṇa kālarūpeṇa ca sthitam ||,"Viṣṇupurāṇa ViPur, 1, 2: 2 14",tad eva sarvam evaitad vyaktāvyaktasvarūpavat |tathā puruṣarūpeṇa kālarūpeṇa ca sthitam ||,PARTLY,+ avyakta - avyakta
304_1--1.csv,19,"ŚiSam, 1: 1",15 1,uktaṁ hi ratnolkādhāraṇyām ||,"Āśvalāyanagṛhyasūtra ĀśGS, 1, 1: 1 1",uktāni vaitānikāni gṛhyāni vakṣyāmaḥ ||,PARTLY,+  - gṛhya
150_1--36.csv,111,"KāSū, 1, 2: 2",3 1,kāmaṁ ca yauvane ||,"Divyāvadāna Divyāv, 18: 18 602",kāmāśca lavaṇodakasadṛśāḥ ||,PARTLY,+ yauvana - sadṛśa
32_1--58.csv,202,"ArthaŚ, 1, 2: 2",4 1,vārttā daṇḍanītiśceti bārhaspatyāḥ ||,"Arthaśāstra ArthaŚ, 1, 2: 2 1",ānvīkṣikī trayī vārttā daṇḍanītiśceti vidyāḥ ||,PARTLY,+ bārhaspatya - vidyā
63_1--5.csv,79,"BhPr, 1, 2: 1",41 2,kaphaṁ rūkṣakaṣāyatvātphalaṁ dhātryāstridoṣajit ||,"Dhanvantarinighaṇṭu DhanvNigh, 1: 1 213",hanti vātaṁ tadamlatvātpittaṁ mādhuryaśaityataḥ |kaphaṁ rūkṣakaṣāyatvātphalaṁ dhātryāstridoṣajit ||,GOOD,
203_1--257.csv,27,"MṛgṬīkā zu MṛgT, Vidyāpāda, 1, 1.2: 1",12 2,dadāv umāpatir mahyam iti ||,"Mṛgendratantra MṛgT, 1, 1: 1 28",tebhyo .vagatya dṛgjyotirjvālālīḍhasmaradrumaḥ |dadāv umāpatir mahyaṁ sahasrair bhavasaṁmitaiḥ ||,PARTLY,+ iti - saṁmā
268_1--13.csv,4,"RCūM, 3: 1",2 2,nānopakaraṇopetāṁ prākāreṇa suśobhitām ||,"Rasaratnasamuccaya RRS, 7: 7 2",yakṣatryakṣasahasrākṣadigvibhāge suśobhane |nānopakaraṇopetāṁ prākāreṇa suśobhitām ||,PARTLY,+ yakṣarāja - tryakṣa
246_1--15.csv,5,"RājMār zu YS, 3, 41.1: 1",5 1,siddhyantaram āha ||,"Āyurvedadīpikā ĀVDīp zu Ca, Śār., 1, 112.2: 254 5",udāharaṇāntaramāha mithyetyādi ||,PARTLY,+ siddhi - ityādi
115_1--28.csv,6,"GautDhS, 1, 1: 1",6 1,upanayanaṁ brāhmaṇasyāṣṭame ||,"Viṣṇusmṛti ViSmṛ, 27: 27 15",garbhāṣṭame .bde brāhmaṇasyopanayanam ||,GOOD,
122_1--59.csv,5,"GB, 1, 1, 1: 1",5 1,tad abhyaśrāmyad abhyatapat samatapat ||,"Gopathabrāhmaṇa NEW GB, 1, 1, 3: 3 10",tās tatraivābhyaśrāmyad abhyatapat samatapat ||,GOOD,
298_1--123.csv,5,"SarvSund zu AHS, Sū., 9, 1.1: 1",5 1,tasmāt dravyaṁ pradhānam ||,"Aitareyabrāhmaṇa AitBr, 1, 11: 11 2",tat tan nādṛtyam ||,PARTLY,+  - ādṛ
180_1--2.csv,363,"LAS, 2: 2",131 2,ye deśayanti vai nāthāḥ pratyātmagatigocaram ||,"Laṅkāvatārasūtra LAS, 2: 2 124",tārkikāṇāmaviṣayaṁ śrāvakāṇāṁ na caiva hi |yaṁ deśayanti vai nāthāḥ pratyātmagatigocaram ||,PARTLY,+ gocara - gocara
152_1--45.csv,333,"Kāśikāvṛtti zu Aṣṭādhyāyī, 6, 1, 90: 46",2 1,aci ity anuvartate ||,"Ayurvedarasāyana Ayurvedarasāyana zu AHS, Sū., 9, 1.2: 2 4",dravyamityanuvartate ||,PARTLY,+ ac - dravya
144_1--22.csv,2,"JB, 1, 5: 1",2 1,brahma vā agnihotram ||,"Jaiminīyabrāhmaṇa JB, 2, 1: 21 2",brahma vai trivṛd brahma rathantaram ||,GOOD,
166_1--9.csv,7,"KhGṛS, 2, 1: 3",7 1,nāvratyamācaret ||,"Aitareyabrāhmaṇa AitBr, 6, 15: 202 8",na parā jayethe na parā jigya iti ||,PARTLY,+  - iti
167_1--2.csv,4,"Khādiragṛhyasūtrarudraskandavyākhyā zu KhGṛS, 2, 2, 17: 1",4 1,saṁjñā vyavahārārthā ||,"Āyurvedadīpikā ĀVDīp zu Ca, Sū., 28, 2: 122 2",iyam apyarthaparā saṁjñā ||,PARTLY,+ vyavahāra - para
274_1--11.csv,32,"GaṇaKārṬīkā zu GaṇaKār, 1.1: 1",32 1,kathaṁ punar etat gamyate ||,"Pañcārthabhāṣya PABh zu PāśupSūtra, 5, 5: 127 5",āha atha kathaṁ punaretad gamyate ||,GOOD,
251_1--19.csv,3,"RHT, 1: 1",3 1,mūrchitvā harati rujaṁ bandhanamanubhūya muktido amarīkaroti sumṛtaḥ ko .nyaḥ karuṇākaraḥ sūtāt ||,"Yogaratnākara YRā, 1: 1 223",mūrchitvā harati rujaṁ bandhanamanubhūya muktido amarīkaroti hi mṛtaṁ ko.nyaḥ karuṇākaraḥ sūtāt ||,PARTLY,+ su - hi
62_1--16.csv,2,"BhāMañj, 5: 2",1 2,devīṁ sarasvatīṁ vyāsaṁ tato jayamudīrayet ||,"Bhāratamañjarī BhāMañj, 6: 3 1",nārāyaṇaṁ namaskṛtya naraṁ caiva narottamam |devīṁ sarasvatīṁ vyāsaṁ tato jayamudīrayet ||,GOOD,
190_1--2.csv,5,"MānGS, 1, 2: 2",4 1,tataḥ svastyayanaṁ ca ||,"Viṣṇupurāṇa ViPur, 4, 24: 80 46",tataś cāriṣṭakarmā tato hālāhalaḥ ||,GOOD,
290_1--1.csv,3,"SBhedaV, 1: 1",3 1,kuto nirjātā bhavantaḥ śākyāḥ kimagraṇyāḥ kimanvayāḥ |,"Saṅghabhedavastu SBhedaV, 1: 1 13",kuto nirjātāḥ śākyāḥ kimagraṇyāḥ kimanvayāḥ kaśca teṣāṁ ,PARTLY,+ bhavat - tad
124_1--1.csv,103,"GorŚ, 1: 1",53 2,abdād ūrdhvaṁ bhavet siddho nātra kāryā vicāraṇā ||,"Haṭhayogapradīpikā HYP, 1: 1 61",brahmacārī mitāhārī tyāgī yogaparāyaṇaḥ |abdād ūrdhvaṁ bhavet siddho nātra kāryā vicāraṇā ||,PARTLY,+ brahmacārin - brahmacārin
13_1--232.csv,4,"AitBr, 1, 1: 1",4 1,agnir vai sarvā devatā viṣṇuḥ sarvā devatāḥ ||,"Aitareyabrāhmaṇa AitBr, 3, 4: 75 2",agner vā etāḥ sarvās tanvo yad etā devatāḥ ||,PARTLY,+ viṣṇu - yad
12_1--25.csv,802,"AgniPur, 15: 15",16 1,ity ādimahāpurāṇe āgneye mahābhāratavarṇanaṁ nāma |,"Agnipurāṇa AgniPur, 14: 14 28",ity ādimahāpurāṇe āgneye mahābhāratavarṇanaṁ nāma ,PARTLY,+ pañcadaśa - caturdaśa
185_1--163.csv,224,"LiPur, 1, 3: 3",31 2,vāyurdaśaguṇenaiva bāhyato nabhasā vṛtaḥ ||,"Liṅgapurāṇa LiPur, 1, 70: 70 55",tejo daśaguṇenaiva vāyunā bāhyato vṛtam |vāyurdaśaguṇenaiva bāhyato nabhasā vṛtaḥ ||,GOOD,
213_1--22.csv,126,"NāSmṛ, 1, 1: 1",63 2,na talaṁ vidyate vyomni na khadyote hutāśanaḥ ||,"Mahābhārata MBh, 12, 112: 1440 62",talavad dṛśyate vyoma khadyoto havyavāḍ iva |na caivāsti talaṁ vyomni na khadyote hutāśanaḥ ||,PARTLY,+ vid - as
315_1--1.csv,9,"Sphuṭārthāvyākhyā zu AbhidhKo, 1, 43.2: 1",9 1,prāṇādivat ||,"Āpastambagṛhyasūtra ĀpGṛSū, 18: 17 5",sīmantavad agner upasamādhānādi ||,PARTLY,+ prāṇa - upasamādhāna
211_1--1.csv,136,"Nāḍīparīkṣā, 1: 1",69 2,atitīkṣṇā ca śītā ca jīvitaṁ hantyasaṁśayam ||,"Śārṅgadharasaṁhitā ŚdhSaṁh, 1, 1: 1 5",sthitvā sthitvā calati yā sā smṛtā prāṇanāśinī |atikṣīṇā ca śītā ca jīvitaṁ hantyasaṁśayam ||,PARTLY,+ atitīkṣṇa - kṣi
309_1--232.csv,1,"SkPur Rkh, 1, 1: 1",1 1,śrīgaṇeśāya namaḥ ||,"Gautamadharmasūtra GautDhS, 3, 8: 26 17",namo nīlagrīvāya śitikaṇṭhāya namaḥ ||,PARTLY,+  - śitikaṇṭha
89_1--14.csv,127,"DKCar, 1, 3: 3",14 1,iti śrīdaṇḍinaḥ kṛtau daśakumāracarite somadattacaritaṁ |,"Daśakumāracarita DKCar, 2, 3: 8 219",iti śrīdaṇḍinaḥ kṛtau daśakumāracarite ,PARTLY,+ somadattacarita - upahāravarmacarita
386_1--100.csv,135,"ViSmṛ, 2: 2",4 1,teṣāṁ ca dharmāḥ ||,"Saṅghabhedavastu SBhedaV, 1: 1 114",tac ca dharmeṇa nādharmeṇa ||,GOOD,
96_1--1.csv,399,"DhanV, 1: 1",202 1,mahākṣauhiṇī kāryā rathākoṭibhatāḥ smṛtāḥ ||,"Aṣṭādhyāyī Aṣṭādhyāyī, 8, 3: 31 50",kaḥkaratkaratikṛdhikṛteṣv anaditeḥ ||,PARTLY,+  - aditi
279_1--12.csv,36,"ṚVKhil, 1, 4: 4",3 1,yuvāṁ devās traya ekādaśāsaḥ satyā satyasya dadhire asmākaṁ yajñaṁ savanaṁ juṣāṇā pātaṁ somam aśvinā |,"Ṛgveda ṚV, 8, 57: 677 2",yuvāṁ devās traya ekādaśāsaḥ satyāḥ satyasya dadṛśe asmākaṁ yajñaṁ savanaṁ juṣāṇā pātaṁ somam aśvinā ,PARTLY,+ dhā - dṛś
266_1--3.csv,252,"RTar, 4: 3",5 2,dravyāṇāṁ śodhanādyarthaṁ viśeṣeṇa niyujyate ||,"Rasakāmadhenu RKDh, 1, 1: 1 32",svedayecca tataścaitad dolāyantramiti smṛtam |dravyāṇāṁ śodhanādyarthaṁ viśeṣeṇa niyujyate ||,GOOD,
30_1--24.csv,14,"ĀpGṛSū, 1: 1",14 1,dakṣiṇāgraiḥ pitryeṣu ||,"Baudhāyanadharmasūtra BaudhDhSū, 1, 3: 3 25",dakṣiṇaṁ dakṣiṇena savyaṁ savyena copasaṁgṛhṇīyāt ||,PARTLY,+  - upasaṁgrah
81_1--32.csv,6,"KādSvīSComm zu KādSvīS, 2.1: 2",1 1,ratyānandasyeti ||,"Āyurvedadīpikā ĀVDīp zu Ca, Vim., 8, 7.2: 200 11",ityadhyayanavidhiriti upasaṁharaṇam ||,PARTLY,+  - upasaṁharaṇa
41_1--11.csv,2,"ĀśGS, 1, 5: 5",2 1,buddhimate kanyāṁ prayacchet ||,"Viṣṇusmṛti ViSmṛ, 5: 5 45",doṣam anākhyāya kanyāṁ prayacchaṁś ca ||,PARTLY,+ buddhimat - ca
207_1--6.csv,54,"MuṇḍUp, 3, 2: 4",11 1,na tatra sūryo bhāti na candratārakaṁ nemā vidyuto bhānti tam eva bhāntam anubhāti sarvaṁ tasya bhāsā sarvam |,"Śvetāśvataropaniṣad ŚvetāśvUp, 6: 6 14",na tatra sūryo bhāti na candratārakaṁ nemā vidyuto bhānti tam eva bhāntam anubhāti sarvaṁ tasya bhāsā sarvam ,PARTLY,+ tāraka - tāraka
68_1--47.csv,565,"BĀU, 2, 4: 10",7 1,sa yathā dundubher hanyamānasya na dundubhes tu grahaṇena dundubhyāghātasya vā śabdo |,"Bṛhadāraṇyakopaniṣad BĀU, 4, 5: 26 8",sa yathā dundubher hanyamānasya na dundubhes tu grahaṇena dundubhyāghātasya vā śabdo ,GOOD,
395_1--3.csv,12,"YāSmṛ, 1: 1",6 2,pātre pradīyate yat tat sakalaṁ dharmalakṣaṇam ||,"Garuḍapurāṇa GarPur, 1, 93: 91 7",deśakāla upāyena dravyaṁ śraddhāsamanvitam |pātre pradīyate yattatsakalaṁ dharmalakṣaṇam ||,GOOD,
398_1--1.csv,55,"YRā, 1: 1",29 2,eko doṣo viṣe tāmre tvaṣṭau doṣāḥ prakīrtitāḥ ||,"Rasamañjarī RMañj, 5: 5 24",na viṣaṁ viṣamityāhustāmraṁ tu viṣamucyate |eko doṣo viṣe tāmre tvaṣṭau doṣāḥ prakīrtitāḥ ||,GOOD,
195_1--175.csv,265,"MPur, 5: 4",2 3,dakṣātprācetasād ūrdhvaṁ sṛṣṭir maithunasambhavā ||,"Liṅgapurāṇa LiPur, 1, 63: 63 2",sūta uvāca |saṁkalpāddarśanātsparśātpūrveṣāṁ sṛṣṭirucyate |dakṣātprācetasādūrdhvaṁ sṛṣṭirmaithunasaṁbhavā ||,GOOD,
136_1--5.csv,76,"Hitop, 1: 1",34 2,evam ātmakṛtaṁ karma mānavaḥ pratipadyate ||,"Mahābhārata MBh, 13, 1: 1682 67",yathā mṛtpiṇḍataḥ kartā kurute yad yad icchati |evam ātmakṛtaṁ karma mānavaḥ pratipadyate ||,GOOD,
322_1--6.csv,43,"ŚvetāśvUp, 3: 3",3 1,viśvataścakṣur uta viśvatomukho viśvatobāhur uta saṁ bāhubhyāṁ dhamati saṁ patatrair dyāvābhūmī |,"Ṛgveda ṚV, 10, 81: 918 3",viśvataścakṣur uta viśvatomukho viśvatobāhur uta sam bāhubhyāṁ dhamati sam patatrair dyāvābhūmī ,GOOD,
39_1--12.csv,157,"ASāh, 5: 5",15 1,tiṣṭhatu khalu punaḥ kauśika cāturmahādvīpake |,"Aṣṭasāhasrikā ASāh, 5: 5 16",tiṣṭhatu khalu punaḥ kauśika sāhasre cūlike lokadhātau ,PARTLY,+ cāturmahādvīpaka - madhyama
179_1--14.csv,1,"LalVis, 1: 1",1 1,evaṁ mayā śrutam ||,"Divyāvadāna Divyāv, 17: 17 1",evaṁ mayā śrutam ||,GOOD,+ catuścatvāriṁśa - prathama
248_1--606.csv,2432,"Rām, 1, 47: 47",2 2,gajasiṁhagatī vīrau śārdūlavṛṣabhopamau ||,"Rāmāyaṇa Rām, 1, 49: 49 17",imau kumārau bhadraṁ te devatulyaparākramau |gajasiṁhagatī vīrau śārdūlavṛṣabhopamau ||,GOOD,
56_1--5.csv,9,"BaudhŚS, 1, 1: 1",9 1,upavasathasya rūpaṁ kurvanti ||,"Āyurvedadīpikā ĀVDīp zu Ca, Cik., 1, 24.2: 291 8",kṛtavāpana iti kṛtakṣauraḥ ||,PARTLY,+  - kṣaura
